dataset,workload,fixture,mode,variant,samples,median_ms,mean_ms,stdev_ms,rsd_pct,all_samples_ms
color-bgr,baseline-420,speed_bench_hv_subsampling.jpg,packed-bgra,zune-scalar,15,76.314296,77.935359,5.000132,6.4157,76.270143;95.649465;76.732549;79.893135;77.714467;76.561678;76.314296;76.291372;76.678508;76.141923;75.954843;76.545157;75.850888;76.240778;76.191176
color-bgr,baseline-420,speed_bench_hv_subsampling.jpg,packed-bgra,zune-simd,15,76.390218,76.444470,0.363275,0.4752,76.102560;76.438818;76.380339;76.390218;76.646838;76.979581;76.255576;76.534658;76.950527;76.237532;76.100906;76.394386;77.206175;76.023922;76.025014
color-rgb,baseline-420,speed_bench_hv_subsampling.jpg,packed-bgra,zune-scalar,15,77.658832,77.800451,0.390823,0.5023,77.604019;77.634857;77.931092;77.899924;77.715378;77.643323;78.956221;78.158388;77.631732;78.080682;77.658832;77.732951;77.579944;77.263342;77.516085
color-rgb,baseline-420,speed_bench_hv_subsampling.jpg,packed-bgra,zune-simd,15,77.626742,78.900226,3.933067,4.9849,77.509242;78.583233;77.626742;77.534931;77.991705;77.444762;79.656852;92.947067;78.319719;77.948013;78.097453;77.454820;77.298748;77.543065;77.547033
color-rgba,baseline-420,speed_bench_hv_subsampling.jpg,packed-bgra,zune-scalar,15,76.923071,78.702480,4.956058,6.2972,76.437015;76.659104;76.611130;76.939933;76.923071;76.566025;76.704693;77.364987;95.180429;77.266653;77.425841;78.644497;84.262220;76.885233;76.666373
color-rgba,baseline-420,speed_bench_hv_subsampling.jpg,packed-bgra,zune-simd,15,76.680939,77.010041,0.955049,1.2402,76.666245;76.985943;77.074128;76.680939;77.048085;76.542460;76.679877;76.271845;77.327607;77.421084;76.837954;76.313563;76.505662;76.557119;80.238109
grayscale-packed-bgra,baseline-gray,zune-profile-baseline-gray-7680x4320.jpg,packed-bgra,zune-scalar,15,46.437104,46.518909,0.362259,0.7787,46.718241;46.215981;46.299797;46.122375;46.624495;46.207104;46.803971;46.529848;47.043048;47.357146;46.754949;46.285120;46.154335;46.437104;46.230117
grayscale-packed-bgra,baseline-gray,zune-profile-baseline-gray-7680x4320.jpg,packed-bgra,zune-simd,15,46.510301,47.833126,4.877492,10.1969,46.510301;46.593147;46.585852;46.558983;46.144637;46.336366;46.129138;47.360352;65.324925;46.136251;46.240987;46.285431;46.522384;46.270502;48.497641
grayscale-raw,baseline-gray,zune-profile-baseline-gray-7680x4320.jpg,raw,zune-scalar,15,46.407869,46.454914,0.270375,0.5820,46.135159;46.407869;46.205461;46.310027;46.507186;46.307702;46.530379;46.256055;46.521633;46.188398;46.522924;46.264361;46.652107;47.026147;46.988306
grayscale-raw,baseline-gray,zune-profile-baseline-gray-7680x4320.jpg,raw,zune-simd,15,46.409884,47.553247,4.345674,9.1385,46.708382;46.161809;46.562098;46.409884;46.159565;46.669890;46.154145;46.779766;46.171557;46.332859;46.338099;46.864094;46.259441;63.238080;46.489031
grayscale-scanlines-bgra,baseline-gray,zune-profile-baseline-gray-7680x4320.jpg,scanlines-bgra,zune-scalar,15,46.346895,46.365754,0.257143,0.5546,46.072221;46.470246;46.209889;46.210199;46.190422;46.267065;46.382573;46.058295;46.380408;46.063715;46.666303;46.533114;46.702190;46.932782;46.346895
grayscale-scanlines-bgra,baseline-gray,zune-profile-baseline-gray-7680x4320.jpg,scanlines-bgra,zune-simd,15,46.565163,46.683384,0.729252,1.5621,46.569361;46.830480;48.975726;46.565163;46.129799;46.233423;46.256997;46.273197;46.073243;46.257257;46.227071;46.598166;47.131935;46.959853;47.169094
main,baseline-420,speed_bench_hv_subsampling.jpg,incremental-bgra,zune-scalar,15,76.579191,76.636684,0.198666,0.2592,76.813381;76.628333;76.664541;76.758166;76.455580;76.540699;76.734853;76.618104;76.493861;77.237516;76.476339;76.512847;76.579191;76.515983;76.520862
main,baseline-420,speed_bench_hv_subsampling.jpg,incremental-bgra,zune-simd,15,76.584712,76.640029,0.241285,0.3148,76.509621;76.685731;76.700009;76.584712;76.580845;76.653501;76.545979;76.607855;76.794234;76.503529;76.392642;76.488111;77.430196;76.640566;76.482902
main,baseline-420,speed_bench_hv_subsampling.jpg,packed-bgra,zune-scalar,15,77.439724,77.790881,0.789237,1.0146,77.267163;77.475543;77.398108;78.583670;77.464222;77.412204;77.295856;77.716264;77.935014;77.389745;78.708521;80.129594;77.251922;77.439724;77.395672
main,baseline-420,speed_bench_hv_subsampling.jpg,packed-bgra,zune-simd,15,77.426361,77.695303,0.922606,1.1875,77.443644;77.415641;78.205000;77.426361;77.364555;77.514056;77.445647;77.404529;77.230944;80.925385;77.651801;77.308147;77.468097;77.245540;77.380203
main,baseline-420,speed_bench_hv_subsampling.jpg,raw,zune-scalar,15,55.548045,55.548726,0.067505,0.1215,55.548045;55.640949;55.545579;55.608778;55.466742;55.572581;55.590885;55.599189;55.633514;55.538476;55.513249;55.443518;55.586285;55.531203;55.411899
main,baseline-420,speed_bench_hv_subsampling.jpg,raw,zune-simd,15,55.616863,55.667774,0.202472,0.3637,55.689680;55.477462;55.665945;55.529079;56.014519;56.014248;55.644725;56.076033;55.492310;55.511054;55.512277;55.534238;55.616863;55.673009;55.565166
main,baseline-420,speed_bench_hv_subsampling.jpg,scanlines-bgra,zune-scalar,15,71.886469,71.938866,0.241403,0.3356,71.984482;72.261220;71.844651;71.811418;72.233159;71.975024;71.891868;71.661987;71.725557;72.349135;71.855070;71.560557;72.283582;71.886469;71.758809
main,baseline-420,speed_bench_hv_subsampling.jpg,scanlines-bgra,zune-simd,15,71.937014,71.982430,0.299567,0.4162,72.034676;72.302518;72.720070;72.406533;71.704447;71.977098;71.705811;71.772104;71.731027;71.937014;71.800247;71.776312;71.730407;71.999560;72.138621
main,baseline-422,speed_bench_horizontal_subsampling.jpg,packed-bgra,zune-scalar,15,85.780346,85.835772,0.168578,0.1964,86.151424;85.990001;85.809574;85.683007;85.857413;85.799395;86.256600;85.725602;85.832399;85.727606;85.718317;85.742035;85.780346;85.720263;85.742605
main,baseline-422,speed_bench_horizontal_subsampling.jpg,packed-bgra,zune-simd,15,85.864908,85.920016,0.271574,0.3161,86.558676;86.261199;86.355375;85.866330;85.791580;85.582017;85.931080;85.659287;85.837690;85.966070;85.900197;85.810475;85.864908;85.742875;85.672474
main,baseline-422,speed_bench_horizontal_subsampling.jpg,raw,zune-scalar,15,69.578111,69.738580,0.372954,0.5348,69.987467;69.511026;69.629787;69.475629;69.503742;69.462645;69.578111;70.362138;70.740355;69.668691;69.847635;69.821226;69.517077;69.444561;69.528608
main,baseline-422,speed_bench_horizontal_subsampling.jpg,raw,zune-simd,15,69.539890,69.640885,0.310803,0.4463,69.934738;69.596976;70.665596;69.703256;69.669762;69.426808;69.539890;69.499414;69.455512;69.512799;69.563403;69.569705;69.436537;69.509303;69.529580
main,baseline-422,speed_bench_horizontal_subsampling.jpg,scanlines-bgra,zune-scalar,15,82.059644,82.049087,0.112274,0.1368,82.085472;82.266431;82.043454;82.002147;81.831557;82.093608;81.979494;82.009370;82.037843;81.838260;82.129034;82.154903;82.133903;82.059644;82.071186
main,baseline-422,speed_bench_horizontal_subsampling.jpg,scanlines-bgra,zune-simd,15,82.104017,82.142500,0.187650,0.2284,82.354766;82.696105;82.104017;82.010602;81.980757;82.114997;82.093718;82.130697;81.980306;82.141568;82.087617;82.158930;82.007416;81.987590;82.288412
main,baseline-440,speed_bench_vertical_subsampling.jpg,packed-bgra,zune-scalar,15,87.897360,88.010079,0.272346,0.3094,88.721970;87.878461;88.216674;88.502077;87.882309;87.935157;87.969010;88.069682;87.977221;87.849078;87.802260;87.765621;87.897360;87.882933;87.801378
main,baseline-440,speed_bench_vertical_subsampling.jpg,packed-bgra,zune-simd,15,87.852816,88.011837,0.425900,0.4839,87.804002;87.920449;87.840821;87.955165;88.059580;87.768635;87.802359;89.360474;88.568212;87.908271;88.009974;87.821576;87.839712;87.852816;87.665511
main,baseline-440,speed_bench_vertical_subsampling.jpg,raw,zune-scalar,15,68.793403,68.942826,0.467616,0.6783,68.846242;68.778995;68.653772;68.729533;68.977508;68.521744;69.009328;68.793403;68.710979;68.942032;68.785418;68.618445;70.443826;69.443822;68.887349
main,baseline-440,speed_bench_vertical_subsampling.jpg,raw,zune-simd,15,68.763237,68.808416,0.250036,0.3634,68.743941;69.419988;68.598478;68.877210;68.787993;68.799645;68.832186;68.748680;68.615120;68.540910;68.763237;68.599060;68.610781;68.887018;69.301986
main,baseline-440,speed_bench_vertical_subsampling.jpg,scanlines-bgra,zune-scalar,15,95.257956,95.194035,0.153256,0.1610,95.309722;95.199607;95.262554;95.115359;95.340891;94.981277;95.259910;95.318379;95.257956;94.896809;95.082076;94.980826;95.378632;95.372370;95.154151
main,baseline-440,speed_bench_vertical_subsampling.jpg,scanlines-bgra,zune-simd,15,95.116140,95.191594,0.294958,0.3099,95.174821;95.665169;95.116140;95.634382;94.997798;95.108015;94.941202;95.861597;95.186481;95.138231;95.242648;94.962501;94.948316;94.951612;94.944999
main,baseline-444,speed_bench.jpg,packed-bgra,zune-scalar,15,100.611104,100.704329,0.554669,0.5508,100.611104;100.613699;100.574065;100.630451;100.472995;100.541864;100.661148;100.759692;102.634300;100.654616;100.520334;100.559928;100.400284;100.153542;100.776909
main,baseline-444,speed_bench.jpg,packed-bgra,zune-simd,15,100.597634,100.655752,0.338690,0.3365,100.436258;100.502621;100.843980;99.962019;100.668432;100.443570;101.481674;100.597508;100.674844;100.849667;100.597634;100.551878;101.059116;100.407978;100.759105
main,baseline-444,speed_bench.jpg,raw,zune-scalar,15,87.791512,87.895138,0.409553,0.4660,86.981257;88.619021;87.811540;87.791512;87.900957;88.060165;87.788697;87.656389;87.679162;87.742631;87.744625;87.734957;88.310463;87.947464;88.658234
main,baseline-444,speed_bench.jpg,raw,zune-simd,15,88.434966,88.086691,0.742350,0.8427,86.612076;86.904562;87.030689;88.434966;88.578735;88.752360;88.670877;88.845665;87.822190;88.649257;87.823622;87.633487;88.261802;88.630352;88.649728
main,baseline-444,speed_bench.jpg,scanlines-bgra,zune-scalar,15,95.911735,95.561274,0.978228,1.0237,95.888803;95.807521;95.968852;96.373680;96.168877;96.431388;95.972159;95.911735;95.713113;96.139361;95.814403;96.094618;93.801718;93.631459;93.701420
main,baseline-444,speed_bench.jpg,scanlines-bgra,zune-simd,15,96.132970,96.286482,0.555138,0.5765,96.679773;95.926202;95.858817;96.334977;95.923107;96.117851;96.363652;96.132970;96.814876;96.701964;96.233277;95.809604;95.853457;95.698387;97.848319
main,progressive-420,speed_bench_prog_hv_sampling.jpg,packed-bgra,zune-scalar,15,230.462544,232.101575,5.889081,2.5373,229.610078;229.594017;230.462544;232.095392;230.231371;230.334484;253.087544;232.757676;230.577843;229.036563;231.025400;229.690605;230.378201;231.417349;231.224557
main,progressive-420,speed_bench_prog_hv_sampling.jpg,packed-bgra,zune-simd,15,230.394005,233.232485,7.297753,3.1290,250.589614;230.841263;229.971133;230.802710;229.765188;230.736978;230.394005;229.674678;229.835844;229.796323;229.480709;251.443721;233.884870;230.880542;230.389693
main,progressive-420,speed_bench_prog_hv_sampling.jpg,raw,zune-scalar,15,293.052576,293.801234,4.330459,1.4739,293.670263;295.149814;293.052576;307.246673;287.978043;291.303951;292.438545;292.659528;290.695903;293.298560;293.073458;292.768327;293.937657;291.537101;298.208105
main,progressive-420,speed_bench_prog_hv_sampling.jpg,raw,zune-simd,15,293.731555,296.268628,7.426713,2.5067,292.870746;295.085473;292.520359;293.567067;291.163107;293.986413;294.274361;310.599834;293.731555;294.031282;292.540851;293.712225;317.562765;295.479034;292.904352
main,progressive-420,speed_bench_prog_hv_sampling.jpg,scanlines-bgra,zune-scalar,15,307.191560,306.934432,2.972129,0.9683,307.191560;307.985458;305.108158;307.350278;305.990551;307.421331;305.855276;307.650556;307.855421;307.948484;302.981646;305.522563;315.879241;302.886705;306.389256
main,progressive-420,speed_bench_prog_hv_sampling.jpg,scanlines-bgra,zune-simd,15,306.545638,306.482766,7.430962,2.4246,307.101511;306.093163;306.830284;305.061070;298.372921;307.063841;305.815025;311.765991;293.970245;328.540085;303.176591;306.545638;307.698326;307.188131;302.018662
main,progressive-422,speed_bench_prog_h_sampling.jpg,packed-bgra,zune-scalar,15,234.554526,237.883518,8.248503,3.4675,233.937671;257.817098;237.021639;234.600993;234.018944;234.112058;234.554526;234.747176;234.113912;233.940307;234.310869;258.157547;237.979856;235.226808;233.713361
main,progressive-422,speed_bench_prog_h_sampling.jpg,packed-bgra,zune-simd,15,234.597749,236.293303,4.432657,1.8759,234.961539;236.824911;234.040352;233.956647;235.208188;233.958601;233.956046;234.201596;235.111357;235.576789;234.597749;234.049311;233.906884;247.320279;246.729302
main,progressive-422,speed_bench_prog_h_sampling.jpg,raw,zune-scalar,15,298.693460,300.786124,7.626414,2.5355,295.499857;295.509636;298.693460;296.477138;296.217672;296.858252;320.606290;293.518085;310.662632;299.533093;300.007402;297.091950;312.447155;299.251766;299.417476
main,progressive-422,speed_bench_prog_h_sampling.jpg,raw,zune-simd,15,298.822011,298.637052,0.925460,0.3099,299.132232;299.206251;297.944177;298.540955;299.276162;298.822011;297.008203;300.293348;299.037094;296.781279;298.148109;298.697158;299.331505;298.051332;299.285960
main,progressive-422,speed_bench_prog_h_sampling.jpg,scanlines-bgra,zune-scalar,15,310.124089,312.923216,8.445861,2.6990,310.540296;310.064565;308.752136;312.230700;333.093053;308.079579;309.945843;310.704914;308.985455;307.171482;308.625360;310.917756;310.733901;310.124089;333.879108
main,progressive-422,speed_bench_prog_h_sampling.jpg,scanlines-bgra,zune-simd,15,310.820885,312.330341,6.412744,2.0532,308.546290;310.203866;311.229838;309.823083;311.505773;309.946564;335.236966;310.839025;311.184973;310.361835;310.047626;311.550822;312.901363;310.820885;310.756213
main,progressive-440,speed_bench_prog_v_sampling.jpg,packed-bgra,zune-scalar,15,231.301640,232.750831,3.484537,1.4971,230.841981;229.592772;237.795503;237.159612;233.305796;229.810761;230.051975;232.668977;240.941946;235.167408;230.788744;229.357803;231.301640;231.608154;230.869389
main,progressive-440,speed_bench_prog_v_sampling.jpg,packed-bgra,zune-simd,15,231.201267,232.883870,4.061074,1.7438,230.031123;242.404724;233.310134;230.554714;231.005809;232.206026;230.618353;230.966245;231.337569;233.091488;229.607732;230.642650;242.466022;233.814192;231.201267
main,progressive-440,speed_bench_prog_v_sampling.jpg,raw,zune-scalar,15,293.367392,293.827949,3.647207,1.2413,294.017819;293.350059;294.167228;293.222690;305.806085;295.195836;293.377647;292.838863;291.501126;291.690641;291.825935;288.881490;293.813838;293.367392;294.362586
main,progressive-440,speed_bench_prog_v_sampling.jpg,raw,zune-simd,15,293.473119,293.735166,3.832071,1.3046,291.417359;293.473119;294.890363;293.657757;292.965307;292.855793;293.881964;304.308808;293.269678;289.432592;289.957324;294.425213;293.747233;298.976459;288.768518
main,progressive-440,speed_bench_prog_v_sampling.jpg,scanlines-bgra,zune-scalar,15,307.385765,316.654482,25.759883,8.1350,306.287848;307.607170;305.338800;307.285917;304.460204;307.385765;304.431480;307.731302;304.600126;305.894261;340.564592;401.755316;330.595950;308.043296;307.835196
main,progressive-440,speed_bench_prog_v_sampling.jpg,scanlines-bgra,zune-simd,15,307.979415,316.905278,26.387133,8.3265,307.810791;306.580756;308.831312;312.087442;307.897142;326.435963;308.004363;304.220846;308.208025;407.719895;332.055053;301.759648;307.979415;307.271189;306.717332
main,progressive-444,speed_bench_prog.jpg,packed-bgra,zune-scalar,15,281.742298,283.175190,5.744105,2.0285,281.150599;280.774754;280.884270;281.378095;283.538553;282.228259;282.220935;281.971919;281.288277;281.983731;280.980401;281.017490;281.742298;282.714396;303.753870
main,progressive-444,speed_bench_prog.jpg,packed-bgra,zune-simd,15,281.997256,282.115481,0.987118,0.3499,281.121775;283.086456;281.573892;284.608138;282.479921;281.997256;281.855520;282.320051;281.452214;280.814209;280.815942;282.679404;281.883152;282.061847;282.982431
main,progressive-444,speed_bench_prog.jpg,raw,zune-scalar,15,324.836176,330.909404,10.767074,3.2538,350.994781;354.696136;338.086178;324.299870;324.194342;324.486470;324.235570;323.564132;324.341710;344.224639;324.836176;323.783694;325.541868;324.866253;331.489234
main,progressive-444,speed_bench_prog.jpg,raw,zune-simd,15,325.901943,350.584156,52.359128,14.9348,456.783188;479.341609;407.841639;324.500727;324.160991;323.978785;325.972445;336.315207;328.246446;323.596423;324.277470;325.582996;325.901943;325.722818;326.539648
main,progressive-444,speed_bench_prog.jpg,scanlines-bgra,zune-scalar,15,331.584384,334.020469,5.157925,1.5442,332.987604;331.087263;330.293546;330.685399;330.617032;332.490201;343.827723;330.569212;344.650315;331.584384;342.770072;333.778708;331.264578;333.115887;330.585116
main,progressive-444,speed_bench_prog.jpg,scanlines-bgra,zune-simd,15,331.298172,331.774997,1.112497,0.3353,331.118442;331.133118;331.563756;331.029344;330.815083;331.451986;330.917434;331.219972;330.895443;334.756530;333.250959;333.026419;332.065549;332.082742;331.298172
main-disabled,baseline-420,speed_bench_hv_subsampling.jpg,incremental-bgra,zune-scalar,21,72.319201,73.180446,3.266168,4.4632,72.629530;72.338104;72.255671;72.202368;72.673314;72.227379;72.455416;72.156866;72.530416;72.143161;72.319201;72.104208;71.962904;72.130317;72.055618;87.202593;74.622673;72.555463;73.401186;72.078491;72.744487
main-disabled,baseline-420,speed_bench_hv_subsampling.jpg,incremental-bgra,zune-simd,21,72.477117,73.800279,4.837175,6.5544,73.983365;72.521548;72.225193;72.285628;72.281860;72.727065;72.744066;72.415431;72.875182;72.092437;72.477117;72.099229;72.263798;72.504317;72.476766;94.445220;73.299456;72.750819;76.744695;72.473560;72.119106
main-disabled,baseline-420,speed_bench_hv_subsampling.jpg,packed-bgra,zune-scalar,21,72.981039,73.251807,0.798393,1.0899,76.416667;73.557524;74.002427;73.091040;73.756536;72.851912;72.972833;73.304274;73.173058;72.947385;72.943147;72.981039;73.328780;72.842078;72.844162;73.071056;72.695755;72.900037;72.888545;72.714860;73.004833
main-disabled,baseline-420,speed_bench_hv_subsampling.jpg,packed-bgra,zune-simd,21,72.951112,73.624535,2.958270,4.0180,72.892419;72.991964;86.493848;72.828038;72.769339;72.853405;73.737280;72.997205;73.365053;72.879518;72.893875;72.714760;72.968113;72.750737;72.742211;73.095162;73.115951;72.821970;72.951112;73.216339;73.036943
main-disabled,baseline-420,speed_bench_hv_subsampling.jpg,raw,zune-scalar,21,51.971637,52.044179,0.231889,0.4456,52.007505;52.333726;52.394680;51.889914;52.305603;51.968011;52.057518;51.842556;52.022693;51.884875;51.824673;51.900575;51.971637;52.741510;52.156615;52.106220;51.953835;51.857083;51.783927;51.991194;51.933416
main-disabled,baseline-420,speed_bench_hv_subsampling.jpg,raw,zune-simd,21,51.998859,52.285472,0.820400,1.5691,51.894513;55.599681;52.053311;51.979112;51.998859;51.890366;52.248876;51.973832;51.994861;51.937144;52.873907;52.952604;52.243577;52.079420;52.330881;51.782664;52.443953;51.861832;52.002255;51.952021;51.901236
main-disabled,baseline-420,speed_bench_hv_subsampling.jpg,scanlines-bgra,zune-scalar,21,68.434115,68.470929,0.205614,0.3003,68.881832;68.259007;68.422612;68.341481;68.163878;68.206879;68.163708;68.529773;68.636302;68.467647;68.434115;68.543810;68.683140;68.355848;68.399539;68.304741;68.368090;68.790832;68.545292;68.638366;68.752621
main-disabled,baseline-420,speed_bench_hv_subsampling.jpg,scanlines-bgra,zune-simd,21,68.556142,69.753518,3.913468,5.6104,73.129026;68.968084;69.469513;68.176592;68.205296;68.249278;68.299302;68.268424;68.556142;68.530625;68.493545;68.580949;68.163346;68.308288;68.339658;86.132875;69.292511;70.011908;69.938310;68.971992;68.738204
main-disabled,baseline-422,speed_bench_horizontal_subsampling.jpg,packed-bgra,zune-scalar,21,79.980515,80.291577,1.115135,1.3889,79.903820;80.009318;79.982628;80.207683;80.052029;79.795669;79.947392;79.587268;79.916485;80.582382;79.980515;80.534542;84.781486;80.372749;81.564901;80.028575;79.802632;79.938296;79.772144;79.727010;79.635598
main-disabled,baseline-422,speed_bench_horizontal_subsampling.jpg,packed-bgra,zune-simd,21,79.857654,80.436435,2.455448,3.0527,80.341640;80.120165;80.189324;79.784708;79.741787;79.809565;80.107492;79.976377;80.281368;79.625840;79.728412;79.761063;79.624097;79.881559;91.112562;80.090070;79.729444;79.727100;79.709416;79.965496;79.857654
main-disabled,baseline-422,speed_bench_horizontal_subsampling.jpg,raw,zune-scalar,21,65.165673,66.652094,4.991568,7.4890,65.016513;64.923429;65.589687;81.638147;65.069602;65.730811;65.249560;65.165673;65.446718;65.450656;65.179899;65.264728;64.703176;64.637834;64.750465;64.634247;64.749563;64.671718;81.631054;64.849100;65.341391
main-disabled,baseline-422,speed_bench_horizontal_subsampling.jpg,raw,zune-simd,21,64.766825,64.970777,0.428167,0.6590,65.448983;65.003498;65.491393;66.358335;64.494987;64.729676;64.687968;64.963022;64.988570;65.406302;65.199646;64.717193;64.708576;64.766825;65.148681;64.637032;64.700631;64.762397;64.649355;64.827229;64.696013
main-disabled,baseline-422,speed_bench_horizontal_subsampling.jpg,scanlines-bgra,zune-scalar,21,77.559822,78.633178,3.493651,4.4430,77.564931;77.251464;77.559822;77.995036;77.610566;77.724891;77.142900;77.318670;77.010091;77.215666;77.326165;84.030196;77.564509;77.194106;77.429536;77.035359;81.113955;92.126146;77.409839;77.898024;77.774863
main-disabled,baseline-422,speed_bench_horizontal_subsampling.jpg,scanlines-bgra,zune-simd,21,77.577894,79.789621,5.119152,6.4158,77.188155;77.136298;77.086775;94.512098;77.575841;78.715796;78.707320;77.951685;77.263627;83.977077;77.623960;77.529023;78.015414;84.227145;93.415771;77.577894;77.129034;77.888836;77.375265;77.465293;77.219744
main-disabled,baseline-440,speed_bench_vertical_subsampling.jpg,packed-bgra,zune-scalar,21,82.702079,83.107130,1.787160,2.1504,82.769896;82.515981;82.887607;83.181818;82.685528;83.069047;82.717918;82.473130;82.962657;82.702079;82.454416;82.656163;82.774595;82.415853;82.569240;82.747444;82.657716;90.855256;82.640884;82.523094;82.989417
main-disabled,baseline-440,speed_bench_vertical_subsampling.jpg,packed-bgra,zune-simd,21,82.689566,83.200385,1.727337,2.0761,82.858141;82.863651;83.438097;82.550195;82.548542;82.598435;82.593606;82.622701;82.521031;82.536329;82.689566;82.592043;82.658788;83.040744;82.447222;90.523285;83.323202;84.181179;82.759617;83.169514;82.692201
main-disabled,baseline-440,speed_bench_vertical_subsampling.jpg,raw,zune-scalar,21,64.811374,65.662193,2.027517,3.0878,63.584028;64.019763;63.850165;64.366492;63.740851;63.979107;64.598637;64.873011;64.982165;64.753026;64.592595;64.811374;67.316527;67.516863;66.075764;68.505965;69.792353;70.512732;66.415560;66.527259;64.091808
main-disabled,baseline-440,speed_bench_vertical_subsampling.jpg,raw,zune-simd,21,65.654393,66.314229,3.132412,4.7236,63.600147;63.812475;63.768463;63.871236;63.794612;63.797647;64.010215;75.585595;68.619705;66.261891;65.654393;64.720876;64.528666;65.481661;69.019075;69.550961;72.285622;65.725257;66.061667;66.513304;65.935341
main-disabled,baseline-440,speed_bench_vertical_subsampling.jpg,scanlines-bgra,zune-scalar,21,78.585602,79.567340,3.736352,4.6958,79.017110;78.551709;78.523816;78.474444;78.583057;78.504802;78.519168;95.777187;79.073535;80.200055;78.999417;78.483832;78.646677;78.585602;79.221493;79.027630;78.607383;78.661203;78.546650;78.384205;78.525169
main-disabled,baseline-440,speed_bench_vertical_subsampling.jpg,scanlines-bgra,zune-simd,21,78.541450,78.678154,0.437907,0.5566,78.565034;78.425241;78.480285;78.488730;78.962038;78.671102;78.533355;78.607032;78.464696;78.390447;78.622832;78.862240;78.541450;78.535588;78.524417;78.634273;78.471148;80.471873;78.891675;78.487068;78.610709
main-disabled,baseline-444,speed_bench.jpg,packed-bgra,zune-scalar,21,92.758473,93.015506,0.599870,0.6449,93.534231;94.398179;92.712331;92.647791;92.666555;93.070502;92.750118;92.779673;93.163182;92.564531;92.608252;92.758473;92.581493;92.485002;92.540205;92.671852;94.781031;92.976843;93.356564;93.167079;93.111746
main-disabled,baseline-444,speed_bench.jpg,packed-bgra,zune-simd,21,92.920096,94.508503,4.001480,4.2340,94.222690;108.446039;93.162575;92.749748;92.731463;93.304757;92.568488;93.297884;93.610610;92.633631;92.652355;92.624894;93.123398;92.912622;92.591071;92.653327;92.556335;92.920096;99.301376;102.186339;94.428862
main-disabled,baseline-444,speed_bench.jpg,raw,zune-scalar,21,82.121050,84.030365,5.027943,5.9835,82.009305;82.004435;82.034471;98.665820;82.762863;84.135280;81.979766;82.121050;82.188085;82.248619;81.960649;82.767500;81.981729;82.010574;82.273556;81.830246;99.126027;82.901491;81.842730;85.786400;82.007067
main-disabled,baseline-444,speed_bench.jpg,raw,zune-simd,21,82.201570,82.318713,0.351922,0.4275,82.128477;82.298396;82.244304;82.439797;82.126390;81.989935;81.969677;82.986700;82.202822;82.074663;82.201570;82.026273;81.981880;82.139875;82.892143;82.665359;83.212282;82.556825;82.075564;82.322907;82.157137
main-disabled,baseline-444,speed_bench.jpg,scanlines-bgra,zune-scalar,21,90.574083,91.462028,3.459388,3.7823,90.294339;90.332300;90.348340;90.447977;90.302415;106.285976;90.574083;92.494078;90.723222;90.307685;90.247812;92.723929;90.554115;90.636340;90.970265;90.338822;90.759080;90.604430;90.538908;90.622645;90.595824
main-disabled,baseline-444,speed_bench.jpg,scanlines-bgra,zune-simd,21,90.730727,92.981178,6.287684,6.7623,91.268584;90.535431;90.553314;115.525107;94.348100;91.091211;90.764309;90.250758;106.683270;94.403905;90.667699;90.841184;90.554517;90.730727;90.723924;90.949937;90.924178;90.387153;90.338101;90.414795;90.648532
main-disabled,progressive-420,speed_bench_prog_hv_sampling.jpg,packed-bgra,zune-scalar,21,230.021269,231.447451,5.688780,2.4579,231.900962;229.309872;230.852800;229.863092;229.793933;230.401901;229.711859;229.993196;230.021269;230.076842;230.426768;231.713847;229.384176;232.176933;229.216853;229.494293;229.792771;256.009663;229.560846;230.461402;230.233200
main-disabled,progressive-420,speed_bench_prog_hv_sampling.jpg,packed-bgra,zune-simd,21,230.929017,235.724518,10.027024,4.2537,252.869072;231.697742;230.497986;242.335548;232.974847;229.705667;229.518257;229.361062;229.305779;230.936732;254.565459;257.216482;231.583483;255.515187;233.119798;230.929017;229.545999;229.071881;229.905141;229.412930;230.146813
main-disabled,progressive-420,speed_bench_prog_hv_sampling.jpg,raw,zune-scalar,21,290.021273,291.050348,6.324048,2.1728,290.885590;288.387775;309.152116;291.998573;290.355469;291.209367;290.604575;281.553264;289.477144;290.611808;290.021273;291.206692;308.715371;290.158740;288.361186;288.920352;288.089837;288.702505;288.182264;288.169691;287.293711
main-disabled,progressive-420,speed_bench_prog_hv_sampling.jpg,raw,zune-simd,21,289.837041,291.879542,5.570185,1.9084,291.371489;292.724302;289.343613;306.628014;287.970986;289.761717;291.889129;290.430789;291.338067;289.032372;290.119697;308.565220;289.198903;289.876982;289.458109;289.543814;296.723731;289.115851;288.220235;289.837041;288.320312
main-disabled,progressive-420,speed_bench_prog_hv_sampling.jpg,scanlines-bgra,zune-scalar,21,304.956133,305.195716,4.559458,1.4939,299.134747;303.774332;304.488007;303.067929;320.858597;306.322641;304.844254;305.054317;302.022943;310.014521;304.320614;304.956133;306.040967;305.931462;306.394839;307.269207;305.012613;296.166875;303.708462;305.145901;304.580684
main-disabled,progressive-420,speed_bench_prog_hv_sampling.jpg,scanlines-bgra,zune-simd,21,305.618353,307.717356,7.622170,2.4770,309.690204;292.262585;324.399535;311.904228;304.371770;305.139787;306.649984;302.445594;305.618353;304.840176;306.076621;304.810895;311.741968;307.575039;305.827768;304.211512;304.736315;318.033656;302.307449;326.507206;302.913834
main-disabled,progressive-422,speed_bench_prog_h_sampling.jpg,packed-bgra,zune-scalar,21,233.395472,235.128094,5.146978,2.1890,233.025200;232.792023;233.395472;232.808864;233.119426;232.546344;231.912012;234.940772;238.129332;239.717134;237.090958;234.543108;233.368088;234.112641;233.916906;233.399677;255.759400;235.755117;232.224667;232.717610;232.415214
main-disabled,progressive-422,speed_bench_prog_h_sampling.jpg,packed-bgra,zune-simd,21,233.088685,235.194074,6.067307,2.5797,232.966399;232.590847;233.578024;255.489081;234.401987;233.617052;233.626303;232.790148;232.344822;250.781660;235.654519;234.108695;233.962761;234.235892;232.832245;233.088685;232.761863;232.746966;232.646938;232.375660;232.475006
main-disabled,progressive-422,speed_bench_prog_h_sampling.jpg,raw,zune-scalar,21,295.684271,296.450560,3.114671,1.0507,295.346379;294.866539;293.077300;293.741554;308.901066;295.684271;297.094685;297.148836;294.810489;296.074665;296.765819;295.642315;295.205678;296.443416;298.243065;296.311549;297.687805;296.857642;295.378141;294.807854;295.372691
main-disabled,progressive-422,speed_bench_prog_h_sampling.jpg,raw,zune-simd,21,296.044855,298.035163,7.796191,2.6159,296.044855;296.299343;295.978902;293.526070;293.788612;296.361174;296.389966;295.741732;310.538985;296.321978;295.640543;326.302037;298.222436;287.682844;295.631996;304.839575;297.525592;296.799943;293.585926;295.832903;295.683009
main-disabled,progressive-422,speed_bench_prog_h_sampling.jpg,scanlines-bgra,zune-scalar,21,309.884360,311.628769,5.957180,1.9116,309.646597;308.295868;309.270714;309.685029;310.125053;309.348790;309.900303;310.162754;307.971641;309.717289;311.066045;308.347796;310.645538;309.715196;309.774328;333.717309;309.897505;310.605060;309.884360;323.452841;312.974143
main-disabled,progressive-422,speed_bench_prog_h_sampling.jpg,scanlines-bgra,zune-simd,21,309.839167,309.744526,5.991454,1.9343,310.446867;311.044776;310.316463;310.150601;308.861467;311.163537;309.839167;307.545553;306.640008;308.955032;309.184442;312.864632;297.218900;310.211716;308.215657;331.674686;304.913899;308.629953;310.202336;311.265766;305.289582
main-disabled,progressive-440,speed_bench_prog_v_sampling.jpg,packed-bgra,zune-scalar,21,229.523958,230.880627,5.644382,2.4447,229.419133;228.841271;228.906854;229.523958;230.143588;255.395745;231.159300;229.642240;228.967065;229.280081;229.781891;230.422961;229.834010;229.556530;229.397592;229.460250;229.332381;230.327313;230.224561;229.481650;229.394787
main-disabled,progressive-440,speed_bench_prog_v_sampling.jpg,packed-bgra,zune-simd,21,230.403885,231.229410,2.720902,1.1767,230.632733;229.327200;230.501878;230.403885;230.009116;229.465292;229.042397;228.810672;236.594235;233.562869;239.908439;230.861622;229.718722;229.623505;229.188601;230.105548;231.569308;231.481484;232.709742;229.524290;232.776077
main-disabled,progressive-440,speed_bench_prog_v_sampling.jpg,raw,zune-scalar,21,292.068930,296.625431,7.164175,2.4152,291.210821;289.901311;292.995941;289.089112;291.200822;290.181145;307.559125;307.331449;309.312357;304.728225;304.631045;302.489615;299.329921;299.664898;290.260515;290.977616;290.566167;290.647849;291.657609;303.329578;292.068930
main-disabled,progressive-440,speed_bench_prog_v_sampling.jpg,raw,zune-simd,21,292.339116,296.249994,6.956178,2.3481,288.956203;291.633472;290.751121;291.765599;290.766691;293.093754;295.800209;309.865119;315.272484;302.489071;301.929978;300.297282;299.576964;300.006949;299.469843;291.966137;292.339116;291.659383;290.922624;292.082946;290.604929
main-disabled,progressive-440,speed_bench_prog_v_sampling.jpg,scanlines-bgra,zune-scalar,21,303.324658,312.789358,26.503671,8.4733,299.639930;305.456999;299.018607;350.683179;380.329254;390.958060;302.511236;304.237015;304.283553;303.862926;302.537465;303.891960;301.303796;300.426644;300.326988;302.270686;300.388392;305.640823;303.147586;303.324658;304.336761
main-disabled,progressive-440,speed_bench_prog_v_sampling.jpg,scanlines-bgra,zune-simd,21,303.764531,306.666499,10.421960,3.3985,342.634382;302.666135;309.805781;331.024861;303.421729;303.764531;301.268198;300.973288;304.580147;302.869746;304.367720;300.801386;302.270344;301.606933;301.705277;304.776025;300.888509;306.870687;305.272208;304.184852;304.243734
main-disabled,progressive-444,speed_bench_prog.jpg,packed-bgra,zune-scalar,21,280.137045,283.313297,8.006399,2.8260,278.839075;302.959612;301.385376;280.195769;281.127714;279.145933;279.442578;279.409977;279.732159;281.987090;280.483163;282.289285;280.137045;280.455401;282.305395;279.047164;279.526161;302.520466;279.513658;279.709064;279.367153
main-disabled,progressive-444,speed_bench_prog.jpg,packed-bgra,zune-simd,21,279.937972,281.311716,3.725861,1.3245,279.030864;279.658869;278.878839;278.250135;279.644857;279.782004;279.699990;291.329987;281.465306;280.900715;280.458797;292.692434;283.362044;279.819190;279.543704;280.568492;280.393816;279.793963;281.761587;279.937972;280.572481
main-disabled,progressive-444,speed_bench_prog.jpg,raw,zune-scalar,21,323.781724,324.621042,2.975312,0.9165,325.793850;324.983053;323.555122;325.216492;322.641641;323.774072;324.700526;323.478418;336.853462;326.802342;323.064643;323.832360;323.429827;323.846747;324.096033;323.544841;323.040147;322.979643;323.781724;323.902681;323.724267
main-disabled,progressive-444,speed_bench_prog.jpg,raw,zune-simd,21,324.276973,327.455106,7.623300,2.3280,328.331723;348.516735;326.333011;326.456854;331.945732;323.985607;324.197414;324.276973;324.645854;324.770978;322.309860;323.705683;324.171616;322.242063;349.495862;329.001305;329.722025;323.463690;322.610291;323.102533;323.271419
main-disabled,progressive-444,speed_bench_prog.jpg,scanlines-bgra,zune-scalar,21,331.025586,332.417654,3.517140,1.0580,329.789089;330.942418;335.541809;336.305588;332.328463;332.383196;329.958997;331.524708;331.435171;330.994596;329.478538;330.101153;329.885781;338.151989;344.076245;333.431466;330.327599;331.947109;330.607924;330.533304;331.025586
main-disabled,progressive-444,speed_bench_prog.jpg,scanlines-bgra,zune-simd,21,331.055619,335.045424,6.631622,1.9793,329.795521;331.018671;331.055619;354.843716;331.894922;330.725582;330.524746;330.476085;344.042635;343.765817;333.800149;331.033980;330.795450;330.468462;330.265442;338.675869;340.398553;336.386940;330.206022;342.263938;333.515778
noninterleaved-packed-bgra,noninterleaved,baseline_non_interleaved.jpg,packed-bgra,zune-scalar,15,1.172374,1.172465,0.014325,1.2218,1.178706;1.151666;1.179247;1.161063;1.188736;1.144262;1.168617;1.176111;1.172374;1.168377;1.171813;1.163127;1.186671;1.175020;1.201178
noninterleaved-packed-bgra,noninterleaved,baseline_non_interleaved.jpg,packed-bgra,zune-simd,15,1.174167,1.160279,0.057359,4.9436,1.196198;1.166453;1.181241;0.968573;1.104297;1.186561;1.167966;1.174167;1.169569;1.188334;1.194256;1.164108;1.172895;1.190398;1.179167
noninterleaved-raw,noninterleaved,baseline_non_interleaved.jpg,raw,zune-scalar,15,0.819404,0.819760,0.008160,0.9955,0.831275;0.819194;0.826156;0.829212;0.820636;0.803083;0.816829;0.823481;0.828500;0.803403;0.819404;0.817130;0.816629;0.819133;0.822329
noninterleaved-raw,noninterleaved,baseline_non_interleaved.jpg,raw,zune-simd,15,0.821898,0.801214,0.051824,6.4682,0.827589;0.823060;0.803685;0.827308;0.826056;0.813402;0.677909;0.672028;0.821898;0.826196;0.819134;0.830644;0.806719;0.822980;0.819604
noninterleaved-scanlines-bgra,noninterleaved,baseline_non_interleaved.jpg,scanlines-bgra,zune-scalar,15,1.191510,1.192922,0.008991,0.7537,1.211938;1.184577;1.181852;1.201278;1.200797;1.191510;1.189937;1.199174;1.200797;1.182764;1.195648;1.197421;1.188805;1.186401;1.180930
noninterleaved-scanlines-bgra,noninterleaved,baseline_non_interleaved.jpg,scanlines-bgra,zune-simd,15,1.190408,1.192703,0.011109,0.9314,1.188645;1.187211;1.186100;1.198593;1.192011;1.206468;1.172434;1.206247;1.193574;1.187162;1.204865;1.188124;1.211778;1.176922;1.190408
restart-baseline-packed-bgra,restart-baseline,four_components.jpg,packed-bgra,zune-scalar,15,8.979096,8.288019,1.282243,15.4710,6.602998;6.559678;6.561000;6.556121;6.586237;8.356431;9.331485;9.357193;9.409762;8.979096;9.357063;9.325574;9.212282;9.245845;8.879519
restart-baseline-packed-bgra,restart-baseline,four_components.jpg,packed-bgra,zune-simd,15,9.269409,8.637895,1.099888,12.7333,6.637764;6.628466;6.600223;9.467570;9.436312;8.302159;9.370869;9.235015;9.354488;9.272194;9.289847;9.289076;9.054176;8.360859;9.269409
restart-baseline-raw,restart-baseline,four_components.jpg,raw,zune-scalar,15,7.833251,7.776502,0.156403,2.0112,7.870711;7.840395;7.809758;7.389852;7.838501;7.819606;7.846135;7.825006;7.845013;7.826769;7.396483;7.815668;7.835866;7.854521;7.833251
restart-baseline-raw,restart-baseline,four_components.jpg,raw,zune-simd,15,7.813214,7.816058,0.027863,0.3565,7.751689;7.834724;7.807794;7.803605;7.802174;7.802734;7.833201;7.795851;7.841066;7.813214;7.792375;7.873346;7.827891;7.835185;7.826028
restart-baseline-scanlines-bgra,restart-baseline,four_components.jpg,scanlines-bgra,zune-scalar,15,10.275282,10.185144,0.261385,2.5663,10.282506;10.343579;9.482448;9.834416;10.444359;10.271665;10.362455;9.814960;10.249835;10.277777;10.264331;10.265603;10.296672;10.275282;10.311269
restart-baseline-scanlines-bgra,restart-baseline,four_components.jpg,scanlines-bgra,zune-simd,15,10.269301,10.252036,0.091109,0.8887,10.221111;10.273529;10.301962;10.265333;10.209930;10.267998;10.254333;10.269301;10.298285;10.259493;10.300639;10.273749;10.278828;10.358497;9.947549
restart-progressive-packed-bgra,restart-progressive,progressive_restart_420.jpg,packed-bgra,zune-scalar,15,0.642122,0.640996,0.005461,0.8520,0.646590;0.641490;0.640739;0.635841;0.638064;0.645157;0.644937;0.647522;0.644316;0.631101;0.646420;0.642522;0.642122;0.638365;0.629749
restart-progressive-packed-bgra,restart-progressive,progressive_restart_420.jpg,packed-bgra,zune-simd,15,0.619609,0.624628,0.016049,2.5693,0.621483;0.647051;0.645378;0.662911;0.619610;0.614079;0.619840;0.614661;0.611705;0.639807;0.611966;0.613438;0.619609;0.614861;0.613017
restart-progressive-raw,restart-progressive,progressive_restart_420.jpg,raw,zune-scalar,15,0.834722,0.830510,0.016017,1.9285,0.819674;0.840573;0.799697;0.829403;0.821087;0.835554;0.817100;0.836054;0.857715;0.822058;0.851153;0.835905;0.834722;0.808423;0.848538
restart-progressive-raw,restart-progressive,progressive_restart_420.jpg,raw,zune-simd,15,0.832238,0.830501,0.022978,2.7667,0.834572;0.802272;0.832238;0.837117;0.857996;0.869087;0.865870;0.828681;0.833951;0.840804;0.792874;0.826287;0.824313;0.816078;0.795369
restart-progressive-scanlines-bgra,restart-progressive,progressive_restart_420.jpg,scanlines-bgra,zune-scalar,15,0.735747,0.747406,0.050222,6.7196,0.744423;0.711001;0.725879;0.762738;0.750946;0.748752;0.712874;0.909453;0.791572;0.719006;0.711402;0.735747;0.735096;0.742910;0.709298
restart-progressive-scanlines-bgra,restart-progressive,progressive_restart_420.jpg,scanlines-bgra,zune-simd,15,0.741408,0.739336,0.013987,1.8919,0.715800;0.742309;0.762387;0.734715;0.731840;0.738913;0.745705;0.757037;0.741408;0.745496;0.737901;0.747138;0.706793;0.745846;0.736749
